Email;Contraseña;Rol;Comercio;Plan;Sucursal;En Configuración debe ver
dueno@demo.com;Admin123!;Dueño;Comercio Demo;Empresarial;(sin sucursal asignada);"Título ""Configuración de Sucursal"" + Dropdown selector de sucursales (Sucursal Principal, Sucursal Norte) + 4 toggles editables + Botón ""Guardar Configuración"""
gerente@demo.com;Admin123!;Gerente;Comercio Demo;Empresarial;Sucursal Principal;"Título ""Configuración de Sucursal"" + Dropdown selector de sucursales (Sucursal Principal, Sucursal Norte) + 4 toggles editables + Botón ""Guardar Configuración"""
supervisor@demo.com;Admin123!;Supervisor;Comercio Demo;Empresarial;Sucursal Principal;"Título ""Configuración de Sucursal: Sucursal Principal"" + 4 toggles deshabilitados (solo lectura) + Aviso ""Solo lectura"""
bodeguero@demo.com;Admin123!;Bodeguero;Comercio Demo;Empresarial;Sucursal Principal;"Título ""Configuración de Sucursal: Sucursal Principal"" + 4 toggles deshabilitados (solo lectura) + Aviso ""Solo lectura"""
cajero@demo.com;Admin123!;Cajero;Comercio Demo;Empresarial;Sucursal Principal;"Título ""Configuración de Sucursal: Sucursal Principal"" + 4 toggles deshabilitados (solo lectura) + Aviso ""Solo lectura"""
cajero.norte@demo.com;Admin123!;Cajero;Comercio Demo;Empresarial;Sucursal Norte;"Título ""Configuración de Sucursal: Sucursal Norte"" + 4 toggles deshabilitados (solo lectura) + Aviso ""Solo lectura"""
duena@sabores.com;Admin123!;Dueño;Sabores del Valle Cía. Ltda.;Intermedio;(sin sucursal asignada);"Título ""Configuración de Sucursal"" + Dropdown selector de sucursales (Restaurante Principal, Sucursal Express) + 4 toggles editables + Botón ""Guardar Configuración"""
gerente@sabores.com;Admin123!;Gerente;Sabores del Valle Cía. Ltda.;Intermedio;Restaurante Principal;"Título ""Configuración de Sucursal"" + Dropdown selector de sucursales (Restaurante Principal, Sucursal Express) + 4 toggles editables + Botón ""Guardar Configuración"""
bodeguera@sabores.com;Admin123!;Bodeguero;Sabores del Valle Cía. Ltda.;Intermedio;Restaurante Principal;"Título ""Configuración de Sucursal: Restaurante Principal"" + 4 toggles deshabilitados (solo lectura) + Aviso ""Solo lectura"""
cajera@sabores.com;Admin123!;Cajero;Sabores del Valle Cía. Ltda.;Intermedio;Restaurante Principal;"Título ""Configuración de Sucursal: Restaurante Principal"" + 4 toggles deshabilitados (solo lectura) + Aviso ""Solo lectura"""
cajero.express@sabores.com;Admin123!;Cajero;Sabores del Valle Cía. Ltda.;Intermedio;Sucursal Express;"Título ""Configuración de Sucursal: Sucursal Express"" + 4 toggles deshabilitados (solo lectura) + Aviso ""Solo lectura"""
duena@modaexpress.com;Admin123!;Dueño;Moda Express S.A.;Básico;(sin sucursal asignada);"Título ""Configuración de Sucursal: Local Centro Comercial"" + 4 toggles editables + Botón ""Guardar Configuración"" (sin selector, plan Básico 1 sucursal)"
cajero@modaexpress.com;Admin123!;Cajero;Moda Express S.A.;Básico;Local Centro Comercial;"Título ""Configuración de Sucursal: Local Centro Comercial"" + 4 toggles deshabilitados (solo lectura) + Aviso ""Solo lectura"""
duena@barescolar.com;Admin123!;Dueño;Bar Escolar Unidad Educativa Nacional;Básico;(sin sucursal asignada);"Título ""Configuración de Sucursal: Bar Principal"" + 4 toggles editables + Botón ""Guardar Configuración"" (sin selector, plan Básico 1 sucursal)"
vendedor@barescolar.com;Admin123!;Cajero;Bar Escolar Unidad Educativa Nacional;Básico;Bar Principal;"Título ""Configuración de Sucursal: Bar Principal"" + 4 toggles deshabilitados (solo lectura) + Aviso ""Solo lectura"""
duena@moroso.com;Admin123!;Dueño;Negocio Moroso S.A.;Intermedio;(sin sucursal asignada);"Título ""Configuración de Sucursal: Sucursal Única"" + 4 toggles editables + Botón ""Guardar Configuración"" (sin selector, 1 sola sucursal)"
gerente@moroso.com;Admin123!;Gerente;Negocio Moroso S.A.;Intermedio;Sucursal Única;"Título ""Configuración de Sucursal: Sucursal Única"" + 4 toggles editables + Botón ""Guardar Configuración"" (sin selector, 1 sola sucursal)"
